"value_n","timestamp","key"
43.42237,2020-04-08 14:48:21,HouseAir_5Min_KMAnamoly
41.174747,2020-04-08 14:48:21,HouseAir_5Min_KMAnamoly
34.242996,2020-04-08 14:48:21,HouseAir_5Min_KMAnamoly
31.865686,2020-04-08 14:48:22,HouseAir_5Min_KMAnamoly
37.26258,2020-04-08 14:48:22,HouseAir_5Min_KMAnamoly
32.924164,2020-04-08 14:48:22,HouseAir_5Min_KMAnamoly
16.532879,2020-04-08 14:48:23,HouseAir_5Min_KMAnamoly
28.854034,2020-04-08 14:48:23,HouseAir_5Min_KMAnamoly
33.76528,2020-04-08 14:48:24,HouseAir_5Min_KMAnamoly
34.850994,2020-04-08 14:48:24,HouseAir_5Min_KMAnamoly
36.6315,2020-04-08 14:48:24,HouseAir_5Min_KMAnamoly
34.986076,2020-04-08 14:48:27,HouseAir_5Min_KMAnamoly
33.642746,2020-04-08 14:48:28,HouseAir_5Min_KMAnamoly
48.48994,2020-04-08 14:48:29,HouseAir_5Min_KMAnamoly
67.99849,2020-04-08 14:48:46,HouseAir_5Min_KMAnamoly
63.01861,2020-04-08 14:48:56,HouseAir_5Min_KMAnamoly
28.388845,2020-04-08 14:48:58,HouseAir_5Min_KMAnamoly
39.33536,2020-04-08 14:49:00,HouseAir_5Min_KMAnamoly
45.483196,2020-04-08 14:49:01,HouseAir_5Min_KMAnamoly
50.432095,2020-04-08 14:49:01,HouseAir_5Min_KMAnamoly
51.685936,2020-04-08 14:49:01,HouseAir_5Min_KMAnamoly
48.3169,2020-04-08 14:49:02,HouseAir_5Min_KMAnamoly
22.982927,2020-04-08 14:49:02,HouseAir_5Min_KMAnamoly
29.950071,2020-04-08 14:49:02,HouseAir_5Min_KMAnamoly
32.387882,2020-04-08 14:49:02,HouseAir_5Min_KMAnamoly
60.38312,2020-04-08 14:49:03,HouseAir_5Min_KMAnamoly
40.803246,2020-04-08 14:49:03,HouseAir_5Min_KMAnamoly
41.22409,2020-04-08 14:49:03,HouseAir_5Min_KMAnamoly
84.40479,2020-04-08 14:49:04,HouseAir_5Min_KMAnamoly
28.294458,2020-04-08 14:49:04,HouseAir_5Min_KMAnamoly
50.55714,2020-04-08 14:49:05,HouseAir_5Min_KMAnamoly
35.94697,2020-04-08 14:49:05,HouseAir_5Min_KMAnamoly
45.71387,2020-04-08 14:49:06,HouseAir_5Min_KMAnamoly
86.616516,2020-04-08 14:49:06,HouseAir_5Min_KMAnamoly
19.864096,2020-04-08 14:49:06,HouseAir_5Min_KMAnamoly
23.233137,2020-04-08 14:49:07,HouseAir_5Min_KMAnamoly
59.32024,2020-04-08 14:49:07,HouseAir_5Min_KMAnamoly
140.20964,2020-04-08 14:49:11,HouseAir_5Min_KMAnamoly
0,2020-04-08 14:47:06,HouseAir_5Min_KMAnamoly
0,2020-04-08 14:48:05,HouseAir_5Min_KMAnamoly
0,2020-04-08 14:49:06,HouseAir_5Min_KMAnamoly
65.241776,2020-04-08 14:49:17,HouseAir_5Min_KMAnamoly
54.422104,2020-04-08 14:49:33,HouseAir_5Min_KMAnamoly
43.602425,2020-04-08 14:49:33,HouseAir_5Min_KMAnamoly
43.52944,2020-04-08 14:49:33,HouseAir_5Min_KMAnamoly
40.512848,2020-04-08 14:49:36,HouseAir_5Min_KMAnamoly
68.77451,2020-04-08 14:49:37,HouseAir_5Min_KMAnamoly
41.056026,2020-04-08 14:49:41,HouseAir_5Min_KMAnamoly
37.16866,2020-04-08 14:49:41,HouseAir_5Min_KMAnamoly
30.021154,2020-04-08 14:49:42,HouseAir_5Min_KMAnamoly
45.027805,2020-04-08 14:49:42,HouseAir_5Min_KMAnamoly
24.452314,2020-04-08 14:49:42,HouseAir_5Min_KMAnamoly
11.766798,2020-04-08 14:49:43,HouseAir_5Min_KMAnamoly
52.762035,2020-04-08 14:49:43,HouseAir_5Min_KMAnamoly
43.354584,2020-04-08 14:49:44,HouseAir_5Min_KMAnamoly
29.481379,2020-04-08 14:49:44,HouseAir_5Min_KMAnamoly
43.07962,2020-04-08 14:49:44,HouseAir_5Min_KMAnamoly
41.95796,2020-04-08 14:49:45,HouseAir_5Min_KMAnamoly
39.35345,2020-04-08 14:49:45,HouseAir_5Min_KMAnamoly
32.059643,2020-04-08 14:49:45,HouseAir_5Min_KMAnamoly
45.90352,2020-04-08 14:49:45,HouseAir_5Min_KMAnamoly
44.971603,2020-04-08 14:49:45,HouseAir_5Min_KMAnamoly
44.5994,2020-04-08 14:49:45,HouseAir_5Min_KMAnamoly
43.20448,2020-04-08 14:49:46,HouseAir_5Min_KMAnamoly
34.46313,2020-04-08 14:49:46,HouseAir_5Min_KMAnamoly
40.13856,2020-04-08 14:49:46,HouseAir_5Min_KMAnamoly
41.57397,2020-04-08 14:49:47,HouseAir_5Min_KMAnamoly
51.931225,2020-04-08 14:49:47,HouseAir_5Min_KMAnamoly
41.436695,2020-04-08 14:49:48,HouseAir_5Min_KMAnamoly
37.244293,2020-04-08 14:49:48,HouseAir_5Min_KMAnamoly
37.99714,2020-04-08 14:49:48,HouseAir_5Min_KMAnamoly
44.366726,2020-04-08 14:49:49,HouseAir_5Min_KMAnamoly
37.687084,2020-04-08 14:49:49,HouseAir_5Min_KMAnamoly
37.924824,2020-04-08 14:49:49,HouseAir_5Min_KMAnamoly
28.95678,2020-04-08 14:49:50,HouseAir_5Min_KMAnamoly
43.885365,2020-04-08 14:49:50,HouseAir_5Min_KMAnamoly
53.444324,2020-04-08 14:49:50,HouseAir_5Min_KMAnamoly
36.882156,2020-04-08 14:49:51,HouseAir_5Min_KMAnamoly
30.631416,2020-04-08 14:49:51,HouseAir_5Min_KMAnamoly
59.212437,2020-04-08 14:49:51,HouseAir_5Min_KMAnamoly
37.317947,2020-04-08 14:49:51,HouseAir_5Min_KMAnamoly
55.89536,2020-04-08 14:49:51,HouseAir_5Min_KMAnamoly
55.469273,2020-04-08 14:49:52,HouseAir_5Min_KMAnamoly
53.198147,2020-04-08 14:49:53,HouseAir_5Min_KMAnamoly
52.745773,2020-04-08 14:49:54,HouseAir_5Min_KMAnamoly
47.205635,2020-04-08 14:49:54,HouseAir_5Min_KMAnamoly
26.815657,2020-04-08 14:49:56,HouseAir_5Min_KMAnamoly
15.750637,2020-04-08 14:49:58,HouseAir_5Min_KMAnamoly
22.53719,2020-04-08 14:49:58,HouseAir_5Min_KMAnamoly
33.062077,2020-04-08 14:49:58,HouseAir_5Min_KMAnamoly
30.586575,2020-04-08 14:50:01,HouseAir_5Min_KMAnamoly
50.250248,2020-04-08 14:50:03,HouseAir_5Min_KMAnamoly
65.15766,2020-04-08 14:50:04,HouseAir_5Min_KMAnamoly
35.77828,2020-04-08 14:50:19,HouseAir_5Min_KMAnamoly
24.36412,2020-04-08 14:50:20,HouseAir_5Min_KMAnamoly
32.38958,2020-04-08 14:50:21,HouseAir_5Min_KMAnamoly
46.314106,2020-04-08 14:50:21,HouseAir_5Min_KMAnamoly
44.63466,2020-04-08 14:50:21,HouseAir_5Min_KMAnamoly
35.110054,2020-04-08 14:50:21,HouseAir_5Min_KMAnamoly
49.632862,2020-04-08 14:50:23,HouseAir_5Min_KMAnamoly
46.86064,2020-04-08 14:50:24,HouseAir_5Min_KMAnamoly
17.737322,2020-04-08 14:50:24,HouseAir_5Min_KMAnamoly
24.8687,2020-04-08 14:50:25,HouseAir_5Min_KMAnamoly
37.183075,2020-04-08 14:50:25,HouseAir_5Min_KMAnamoly
43.24207,2020-04-08 14:50:25,HouseAir_5Min_KMAnamoly
50.02145,2020-04-08 14:50:25,HouseAir_5Min_KMAnamoly
41.90869,2020-04-08 14:50:27,HouseAir_5Min_KMAnamoly
44.58562,2020-04-08 14:50:27,HouseAir_5Min_KMAnamoly
37.899918,2020-04-08 14:50:28,HouseAir_5Min_KMAnamoly
158.30603,2020-04-08 14:50:28,HouseAir_5Min_KMAnamoly
253.15517,2020-04-08 14:50:29,HouseAir_5Min_KMAnamoly
96.20886,2020-04-08 14:50:29,HouseAir_5Min_KMAnamoly
39.328926,2020-04-08 14:50:29,HouseAir_5Min_KMAnamoly
89.60853,2020-04-08 14:50:29,HouseAir_5Min_KMAnamoly
290.99982,2020-04-08 14:50:29,HouseAir_5Min_KMAnamoly
197.52701,2020-04-08 14:50:30,HouseAir_5Min_KMAnamoly
277.886,2020-04-08 14:50:30,HouseAir_5Min_KMAnamoly
211.64497,2020-04-08 14:50:31,HouseAir_5Min_KMAnamoly
69.46953,2020-04-08 14:50:31,HouseAir_5Min_KMAnamoly
44.658688,2020-04-08 14:50:31,HouseAir_5Min_KMAnamoly
64.83216,2020-04-08 14:50:31,HouseAir_5Min_KMAnamoly
335.35184,2020-04-08 14:50:31,HouseAir_5Min_KMAnamoly
310.12625,2020-04-08 14:50:31,HouseAir_5Min_KMAnamoly
60.85132,2020-04-08 14:50:32,HouseAir_5Min_KMAnamoly
24.141407,2020-04-08 14:50:32,HouseAir_5Min_KMAnamoly
39.07169,2020-04-08 14:50:32,HouseAir_5Min_KMAnamoly
18.107578,2020-04-08 14:50:32,HouseAir_5Min_KMAnamoly
24.625053,2020-04-08 14:50:34,HouseAir_5Min_KMAnamoly
18.793997,2020-04-08 14:50:35,HouseAir_5Min_KMAnamoly
30.750744,2020-04-08 14:50:35,HouseAir_5Min_KMAnamoly
24.629257,2020-04-08 14:50:36,HouseAir_5Min_KMAnamoly
16.69276,2020-04-08 14:50:36,HouseAir_5Min_KMAnamoly
11.059461,2020-04-08 14:50:36,HouseAir_5Min_KMAnamoly
14.4619055,2020-04-08 14:50:37,HouseAir_5Min_KMAnamoly
20.288563,2020-04-08 14:50:37,HouseAir_5Min_KMAnamoly
17.99187,2020-04-08 14:50:38,HouseAir_5Min_KMAnamoly
19.211088,2020-04-08 14:50:38,HouseAir_5Min_KMAnamoly
27.67283,2020-04-08 14:50:38,HouseAir_5Min_KMAnamoly
26.567741,2020-04-08 14:50:39,HouseAir_5Min_KMAnamoly
29.814367,2020-04-08 14:50:39,HouseAir_5Min_KMAnamoly
26.601034,2020-04-08 14:50:40,HouseAir_5Min_KMAnamoly
17.95515,2020-04-08 14:50:42,HouseAir_5Min_KMAnamoly
28.650604,2020-04-08 14:50:42,HouseAir_5Min_KMAnamoly
24.99542,2020-04-08 14:50:42,HouseAir_5Min_KMAnamoly
41.141945,2020-04-08 14:50:43,HouseAir_5Min_KMAnamoly
24.022549,2020-04-08 14:50:43,HouseAir_5Min_KMAnamoly
40.009823,2020-04-08 14:50:46,HouseAir_5Min_KMAnamoly
29.003294,2020-04-08 14:50:46,HouseAir_5Min_KMAnamoly
37.101723,2020-04-08 14:50:48,HouseAir_5Min_KMAnamoly
43.91767,2020-04-08 14:50:48,HouseAir_5Min_KMAnamoly
35.607956,2020-04-08 14:50:49,HouseAir_5Min_KMAnamoly
24.912416,2020-04-08 14:50:49,HouseAir_5Min_KMAnamoly
35.347767,2020-04-08 14:50:51,HouseAir_5Min_KMAnamoly
36.098335,2020-04-08 14:50:52,HouseAir_5Min_KMAnamoly
43.771526,2020-04-08 14:50:53,HouseAir_5Min_KMAnamoly
46.73934,2020-04-08 14:50:53,HouseAir_5Min_KMAnamoly
45.770973,2020-04-08 14:50:55,HouseAir_5Min_KMAnamoly
41.824825,2020-04-08 14:50:55,HouseAir_5Min_KMAnamoly
27.046183,2020-04-08 14:51:19,HouseAir_5Min_KMAnamoly
34.134327,2020-04-08 14:51:19,HouseAir_5Min_KMAnamoly
26.601704,2020-04-08 14:51:19,HouseAir_5Min_KMAnamoly
23.91041,2020-04-08 14:51:20,HouseAir_5Min_KMAnamoly
37.307167,2020-04-08 14:51:20,HouseAir_5Min_KMAnamoly
41.677486,2020-04-08 14:51:20,HouseAir_5Min_KMAnamoly
27.509783,2020-04-08 14:51:21,HouseAir_5Min_KMAnamoly
15.047173,2020-04-08 14:51:22,HouseAir_5Min_KMAnamoly
13.413422,2020-04-08 14:51:22,HouseAir_5Min_KMAnamoly
16.105606,2020-04-08 14:51:23,HouseAir_5Min_KMAnamoly
28.655115,2020-04-08 14:51:23,HouseAir_5Min_KMAnamoly
35.997417,2020-04-08 14:51:23,HouseAir_5Min_KMAnamoly
37.53246,2020-04-08 14:51:23,HouseAir_5Min_KMAnamoly
31.343624,2020-04-08 14:51:23,HouseAir_5Min_KMAnamoly
43.283333,2020-04-08 14:51:24,HouseAir_5Min_KMAnamoly
54.24513,2020-04-08 14:51:24,HouseAir_5Min_KMAnamoly
37.430656,2020-04-08 14:51:24,HouseAir_5Min_KMAnamoly
24.719006,2020-04-08 14:51:24,HouseAir_5Min_KMAnamoly
33.2552,2020-04-08 14:51:25,HouseAir_5Min_KMAnamoly
30.218925,2020-04-08 14:51:27,HouseAir_5Min_KMAnamoly
40.52264,2020-04-08 14:51:27,HouseAir_5Min_KMAnamoly
31.340805,2020-04-08 14:51:28,HouseAir_5Min_KMAnamoly
40.971462,2020-04-08 14:51:28,HouseAir_5Min_KMAnamoly
42.85319,2020-04-08 14:51:29,HouseAir_5Min_KMAnamoly
30.037033,2020-04-08 14:51:29,HouseAir_5Min_KMAnamoly
34.783623,2020-04-08 14:51:31,HouseAir_5Min_KMAnamoly
41.82285,2020-04-08 14:51:32,HouseAir_5Min_KMAnamoly
36.956444,2020-04-08 14:51:33,HouseAir_5Min_KMAnamoly
24.571516,2020-04-08 14:51:33,HouseAir_5Min_KMAnamoly
25.66029,2020-04-08 14:51:33,HouseAir_5Min_KMAnamoly
35.845444,2020-04-08 14:51:33,HouseAir_5Min_KMAnamoly
23.797167,2020-04-08 14:51:37,HouseAir_5Min_KMAnamoly
5.451919,2020-04-08 14:51:38,HouseAir_5Min_KMAnamoly
0,2020-04-08 14:50:06,HouseAir_5Min_KMAnamoly
0,2020-04-08 14:51:06,HouseAir_5Min_KMAnamoly
60.70178,2020-04-08 14:51:44,HouseAir_5Min_KMAnamoly
19.70708,2020-04-08 14:51:45,HouseAir_5Min_KMAnamoly
33.152542,2020-04-08 14:51:45,HouseAir_5Min_KMAnamoly
32.44342,2020-04-08 14:51:46,HouseAir_5Min_KMAnamoly
40.016064,2020-04-08 14:51:46,HouseAir_5Min_KMAnamoly
28.31473,2020-04-08 14:51:46,HouseAir_5Min_KMAnamoly
19.606659,2020-04-08 14:51:47,HouseAir_5Min_KMAnamoly
38.557312,2020-04-08 14:51:47,HouseAir_5Min_KMAnamoly
38.19003,2020-04-08 14:51:48,HouseAir_5Min_KMAnamoly
56.268646,2020-04-08 14:51:48,HouseAir_5Min_KMAnamoly
31.718468,2020-04-08 14:51:48,HouseAir_5Min_KMAnamoly
34.233784,2020-04-08 14:51:49,HouseAir_5Min_KMAnamoly
42.6856,2020-04-08 14:51:49,HouseAir_5Min_KMAnamoly
35.649807,2020-04-08 14:51:49,HouseAir_5Min_KMAnamoly
43.943058,2020-04-08 14:51:49,HouseAir_5Min_KMAnamoly
181.19455,2020-04-08 14:51:50,HouseAir_5Min_KMAnamoly
179.34206,2020-04-08 14:51:50,HouseAir_5Min_KMAnamoly
76.577156,2020-04-08 14:51:50,HouseAir_5Min_KMAnamoly
69.15682,2020-04-08 14:51:51,HouseAir_5Min_KMAnamoly
90.330666,2020-04-08 14:51:51,HouseAir_5Min_KMAnamoly
98.326775,2020-04-08 14:51:51,HouseAir_5Min_KMAnamoly
79.96897,2020-04-08 14:51:52,HouseAir_5Min_KMAnamoly
56.66197,2020-04-08 14:51:52,HouseAir_5Min_KMAnamoly
49.63775,2020-04-08 14:51:52,HouseAir_5Min_KMAnamoly
24.872429,2020-04-08 14:51:52,HouseAir_5Min_KMAnamoly
33.294987,2020-04-08 14:51:53,HouseAir_5Min_KMAnamoly
30.752718,2020-04-08 14:52:07,HouseAir_5Min_KMAnamoly
30.071953,2020-04-08 14:52:07,HouseAir_5Min_KMAnamoly
34.76717,2020-04-08 14:52:08,HouseAir_5Min_KMAnamoly
29.286646,2020-04-08 14:52:11,HouseAir_5Min_KMAnamoly
37.71778,2020-04-08 14:52:12,HouseAir_5Min_KMAnamoly
14.947605,2020-04-08 14:52:12,HouseAir_5Min_KMAnamoly
15.644905,2020-04-08 14:52:13,HouseAir_5Min_KMAnamoly
24.945911,2020-04-08 14:52:15,HouseAir_5Min_KMAnamoly
16.483854,2020-04-08 14:52:17,HouseAir_5Min_KMAnamoly
38.0177,2020-04-08 14:52:17,HouseAir_5Min_KMAnamoly
36.88434,2020-04-08 14:52:20,HouseAir_5Min_KMAnamoly
42.476162,2020-04-08 14:52:20,HouseAir_5Min_KMAnamoly
34.457962,2020-04-08 14:52:21,HouseAir_5Min_KMAnamoly
37.812725,2020-04-08 14:52:21,HouseAir_5Min_KMAnamoly
34.594013,2020-04-08 14:52:21,HouseAir_5Min_KMAnamoly
23.274498,2020-04-08 14:52:22,HouseAir_5Min_KMAnamoly
26.770119,2020-04-08 14:52:22,HouseAir_5Min_KMAnamoly
36.33349,2020-04-08 14:52:22,HouseAir_5Min_KMAnamoly
27.815262,2020-04-08 14:52:23,HouseAir_5Min_KMAnamoly
19.806026,2020-04-08 14:52:23,HouseAir_5Min_KMAnamoly
31.444048,2020-04-08 14:52:23,HouseAir_5Min_KMAnamoly
75.86073,2020-04-08 14:52:30,HouseAir_5Min_KMAnamoly
24.206093,2020-04-08 14:52:30,HouseAir_5Min_KMAnamoly
40.57446,2020-04-08 14:52:30,HouseAir_5Min_KMAnamoly
65.00835,2020-04-08 14:52:31,HouseAir_5Min_KMAnamoly
53.674725,2020-04-08 14:52:31,HouseAir_5Min_KMAnamoly
51.347244,2020-04-08 14:52:31,HouseAir_5Min_KMAnamoly
43.10225,2020-04-08 14:52:31,HouseAir_5Min_KMAnamoly
30.313284,2020-04-08 14:52:32,HouseAir_5Min_KMAnamoly
58.407738,2020-04-08 14:52:32,HouseAir_5Min_KMAnamoly
71.748566,2020-04-08 14:52:32,HouseAir_5Min_KMAnamoly
137.01442,2020-04-08 14:52:32,HouseAir_5Min_KMAnamoly
71.55541,2020-04-08 14:52:33,HouseAir_5Min_KMAnamoly
49.94819,2020-04-08 14:52:33,HouseAir_5Min_KMAnamoly
35.705906,2020-04-08 14:52:33,HouseAir_5Min_KMAnamoly
56.51456,2020-04-08 14:52:34,HouseAir_5Min_KMAnamoly
59.575214,2020-04-08 14:52:34,HouseAir_5Min_KMAnamoly
56.166866,2020-04-08 14:52:35,HouseAir_5Min_KMAnamoly
54.314808,2020-04-08 14:52:35,HouseAir_5Min_KMAnamoly
63.139465,2020-04-08 14:52:35,HouseAir_5Min_KMAnamoly
35.729923,2020-04-08 14:52:35,HouseAir_5Min_KMAnamoly
36.37562,2020-04-08 14:52:36,HouseAir_5Min_KMAnamoly
48.51701,2020-04-08 14:52:36,HouseAir_5Min_KMAnamoly
28.103983,2020-04-08 14:52:54,HouseAir_5Min_KMAnamoly
21.590805,2020-04-08 14:52:54,HouseAir_5Min_KMAnamoly
29.84359,2020-04-08 14:52:55,HouseAir_5Min_KMAnamoly
54.86498,2020-04-08 14:52:56,HouseAir_5Min_KMAnamoly
47.973526,2020-04-08 14:52:57,HouseAir_5Min_KMAnamoly
41.978367,2020-04-08 14:52:57,HouseAir_5Min_KMAnamoly
27.652039,2020-04-08 14:52:57,HouseAir_5Min_KMAnamoly
25.583952,2020-04-08 14:52:58,HouseAir_5Min_KMAnamoly
37.724964,2020-04-08 14:53:00,HouseAir_5Min_KMAnamoly
47.87899,2020-04-08 14:53:01,HouseAir_5Min_KMAnamoly
35.24553,2020-04-08 14:53:01,HouseAir_5Min_KMAnamoly
36.754787,2020-04-08 14:53:03,HouseAir_5Min_KMAnamoly
32.691536,2020-04-08 14:53:04,HouseAir_5Min_KMAnamoly
32.06421,2020-04-08 14:53:04,HouseAir_5Min_KMAnamoly
34.36154,2020-04-08 14:53:04,HouseAir_5Min_KMAnamoly
37.904312,2020-04-08 14:53:04,HouseAir_5Min_KMAnamoly
53.512238,2020-04-08 14:53:05,HouseAir_5Min_KMAnamoly
62.06498,2020-04-08 14:53:05,HouseAir_5Min_KMAnamoly
47.6907,2020-04-08 14:53:05,HouseAir_5Min_KMAnamoly
44.826817,2020-04-08 14:53:06,HouseAir_5Min_KMAnamoly
48.87346,2020-04-08 14:53:06,HouseAir_5Min_KMAnamoly
42.64808,2020-04-08 14:53:07,HouseAir_5Min_KMAnamoly
18.256575,2020-04-08 14:53:07,HouseAir_5Min_KMAnamoly
41.641174,2020-04-08 14:53:07,HouseAir_5Min_KMAnamoly
34.339565,2020-04-08 14:53:07,HouseAir_5Min_KMAnamoly
33.527397,2020-04-08 14:53:19,HouseAir_5Min_KMAnamoly
50.79794,2020-04-08 14:53:28,HouseAir_5Min_KMAnamoly
83.71062,2020-04-08 14:53:30,HouseAir_5Min_KMAnamoly
51.352818,2020-04-08 14:53:32,HouseAir_5Min_KMAnamoly
39.44682,2020-04-08 14:53:32,HouseAir_5Min_KMAnamoly
33.99281,2020-04-08 14:53:34,HouseAir_5Min_KMAnamoly
31.70379,2020-04-08 14:53:34,HouseAir_5Min_KMAnamoly
45.1958,2020-04-08 14:53:35,HouseAir_5Min_KMAnamoly
44.427883,2020-04-08 14:53:35,HouseAir_5Min_KMAnamoly
46.53379,2020-04-08 14:53:36,HouseAir_5Min_KMAnamoly
47.477833,2020-04-08 14:53:37,HouseAir_5Min_KMAnamoly
48.165127,2020-04-08 14:53:38,HouseAir_5Min_KMAnamoly
34.066425,2020-04-08 14:53:38,HouseAir_5Min_KMAnamoly
37.355415,2020-04-08 14:53:38,HouseAir_5Min_KMAnamoly
21.386261,2020-04-08 14:53:39,HouseAir_5Min_KMAnamoly
27.235527,2020-04-08 14:53:39,HouseAir_5Min_KMAnamoly
23.819511,2020-04-08 14:53:40,HouseAir_5Min_KMAnamoly
34.56789,2020-04-08 14:53:41,HouseAir_5Min_KMAnamoly
43.012283,2020-04-08 14:53:42,HouseAir_5Min_KMAnamoly
35.08162,2020-04-08 14:53:42,HouseAir_5Min_KMAnamoly
24.624176,2020-04-08 14:53:42,HouseAir_5Min_KMAnamoly
30.356514,2020-04-08 14:53:44,HouseAir_5Min_KMAnamoly
23.300234,2020-04-08 14:53:44,HouseAir_5Min_KMAnamoly
41.182503,2020-04-08 14:53:44,HouseAir_5Min_KMAnamoly
50.17757,2020-04-08 14:53:45,HouseAir_5Min_KMAnamoly
25.319178,2020-04-08 14:53:45,HouseAir_5Min_KMAnamoly
41.85199,2020-04-08 14:53:46,HouseAir_5Min_KMAnamoly
35.224827,2020-04-08 14:53:48,HouseAir_5Min_KMAnamoly
45.286346,2020-04-08 14:53:48,HouseAir_5Min_KMAnamoly
24.897818,2020-04-08 14:53:48,HouseAir_5Min_KMAnamoly
31.203142,2020-04-08 14:53:49,HouseAir_5Min_KMAnamoly
34.01053,2020-04-08 14:53:52,HouseAir_5Min_KMAnamoly
37.235073,2020-04-08 14:53:56,HouseAir_5Min_KMAnamoly
0,2020-04-08 14:52:22,HouseAir_5Min_KMAnamoly
0,2020-04-08 14:53:06,HouseAir_5Min_KMAnamoly
0,2020-04-08 14:54:06,HouseAir_5Min_KMAnamoly
42.644672,2020-04-08 14:54:18,HouseAir_5Min_KMAnamoly
31.016397,2020-04-08 14:54:19,HouseAir_5Min_KMAnamoly
12.49454,2020-04-08 14:54:21,HouseAir_5Min_KMAnamoly
13.386064,2020-04-08 14:54:25,HouseAir_5Min_KMAnamoly
16.477716,2020-04-08 14:54:25,HouseAir_5Min_KMAnamoly
21.097654,2020-04-08 14:54:25,HouseAir_5Min_KMAnamoly
5.99698,2020-04-08 14:54:29,HouseAir_5Min_KMAnamoly
22.514326,2020-04-08 14:54:29,HouseAir_5Min_KMAnamoly
19.90325,2020-04-08 14:54:30,HouseAir_5Min_KMAnamoly
21.558437,2020-04-08 14:54:31,HouseAir_5Min_KMAnamoly
20.485952,2020-04-08 14:54:31,HouseAir_5Min_KMAnamoly
22.478556,2020-04-08 14:54:32,HouseAir_5Min_KMAnamoly
21.090925,2020-04-08 14:54:35,HouseAir_5Min_KMAnamoly
18.600245,2020-04-08 14:54:35,HouseAir_5Min_KMAnamoly
23.224743,2020-04-08 14:54:35,HouseAir_5Min_KMAnamoly
19.28739,2020-04-08 14:54:36,HouseAir_5Min_KMAnamoly
17.651865,2020-04-08 14:54:36,HouseAir_5Min_KMAnamoly
17.80476,2020-04-08 14:54:36,HouseAir_5Min_KMAnamoly
18.640203,2020-04-08 14:54:38,HouseAir_5Min_KMAnamoly
16.384937,2020-04-08 14:54:38,HouseAir_5Min_KMAnamoly
25.716167,2020-04-08 14:54:38,HouseAir_5Min_KMAnamoly
25.10603,2020-04-08 14:54:39,HouseAir_5Min_KMAnamoly
44.330585,2020-04-08 14:54:47,HouseAir_5Min_KMAnamoly
52.674923,2020-04-08 14:54:49,HouseAir_5Min_KMAnamoly
22.246126,2020-04-08 14:54:50,HouseAir_5Min_KMAnamoly
39.615543,2020-04-08 14:55:14,HouseAir_5Min_KMAnamoly
24.051517,2020-04-08 14:55:14,HouseAir_5Min_KMAnamoly
28.630157,2020-04-08 14:55:15,HouseAir_5Min_KMAnamoly
23.397644,2020-04-08 14:55:17,HouseAir_5Min_KMAnamoly
22.507048,2020-04-08 14:55:17,HouseAir_5Min_KMAnamoly
20.254732,2020-04-08 14:55:17,HouseAir_5Min_KMAnamoly
16.674688,2020-04-08 14:55:19,HouseAir_5Min_KMAnamoly
18.513638,2020-04-08 14:55:19,HouseAir_5Min_KMAnamoly
10.258878,2020-04-08 14:55:19,HouseAir_5Min_KMAnamoly
21.25911,2020-04-08 14:55:30,HouseAir_5Min_KMAnamoly
19.644312,2020-04-08 14:55:31,HouseAir_5Min_KMAnamoly
13.411444,2020-04-08 14:55:32,HouseAir_5Min_KMAnamoly
19.68762,2020-04-08 14:55:32,HouseAir_5Min_KMAnamoly
13.186195,2020-04-08 14:55:34,HouseAir_5Min_KMAnamoly
16.85155,2020-04-08 14:55:34,HouseAir_5Min_KMAnamoly
22.702364,2020-04-08 14:55:35,HouseAir_5Min_KMAnamoly
16.226822,2020-04-08 14:55:35,HouseAir_5Min_KMAnamoly
17.371185,2020-04-08 14:55:36,HouseAir_5Min_KMAnamoly
21.743889,2020-04-08 14:55:37,HouseAir_5Min_KMAnamoly
12.702109,2020-04-08 14:55:38,HouseAir_5Min_KMAnamoly
21.572153,2020-04-08 14:55:39,HouseAir_5Min_KMAnamoly
28.575693,2020-04-08 14:55:40,HouseAir_5Min_KMAnamoly
23.622084,2020-04-08 14:55:40,HouseAir_5Min_KMAnamoly
19.815325,2020-04-08 14:55:40,HouseAir_5Min_KMAnamoly
20.89494,2020-04-08 14:55:42,HouseAir_5Min_KMAnamoly
29.215115,2020-04-08 14:55:44,HouseAir_5Min_KMAnamoly
56.214054,2020-04-08 14:55:46,HouseAir_5Min_KMAnamoly
91.804375,2020-04-08 14:55:46,HouseAir_5Min_KMAnamoly
22.202763,2020-04-08 14:55:48,HouseAir_5Min_KMAnamoly
20.897188,2020-04-08 14:56:19,HouseAir_5Min_KMAnamoly
35.439476,2020-04-08 14:56:24,HouseAir_5Min_KMAnamoly
24.206417,2020-04-08 14:56:24,HouseAir_5Min_KMAnamoly
15.453894,2020-04-08 14:56:25,HouseAir_5Min_KMAnamoly
12.250457,2020-04-08 14:56:25,HouseAir_5Min_KMAnamoly
32.409454,2020-04-08 14:56:29,HouseAir_5Min_KMAnamoly
27.808966,2020-04-08 14:56:30,HouseAir_5Min_KMAnamoly
30.985725,2020-04-08 14:56:30,HouseAir_5Min_KMAnamoly
25.58245,2020-04-08 14:56:31,HouseAir_5Min_KMAnamoly
31.125862,2020-04-08 14:56:31,HouseAir_5Min_KMAnamoly
20.160482,2020-04-08 14:56:32,HouseAir_5Min_KMAnamoly
29.427896,2020-04-08 14:56:32,HouseAir_5Min_KMAnamoly
26.43764,2020-04-08 14:56:32,HouseAir_5Min_KMAnamoly
40.05662,2020-04-08 14:56:32,HouseAir_5Min_KMAnamoly
32.70206,2020-04-08 14:56:33,HouseAir_5Min_KMAnamoly
27.76021,2020-04-08 14:56:33,HouseAir_5Min_KMAnamoly
26.620409,2020-04-08 14:56:33,HouseAir_5Min_KMAnamoly
15.614478,2020-04-08 14:56:33,HouseAir_5Min_KMAnamoly
23.349201,2020-04-08 14:56:34,HouseAir_5Min_KMAnamoly
54.676243,2020-04-08 14:56:34,HouseAir_5Min_KMAnamoly
0,2020-04-08 14:55:06,HouseAir_5Min_KMAnamoly
0,2020-04-08 14:56:06,HouseAir_5Min_KMAnamoly
694.6225,2020-04-08 14:56:46,HouseAir_5Min_KMAnamoly
235.02266,2020-04-08 14:57:14,HouseAir_5Min_KMAnamoly
6.3707514,2020-04-08 14:57:14,HouseAir_5Min_KMAnamoly
16.24279,2020-04-08 14:57:15,HouseAir_5Min_KMAnamoly
14.471942,2020-04-08 14:57:15,HouseAir_5Min_KMAnamoly
16.859678,2020-04-08 14:57:15,HouseAir_5Min_KMAnamoly
11.463866,2020-04-08 14:57:16,HouseAir_5Min_KMAnamoly
12.412337,2020-04-08 14:57:16,HouseAir_5Min_KMAnamoly
14.127406,2020-04-08 14:57:16,HouseAir_5Min_KMAnamoly
15.026829,2020-04-08 14:57:17,HouseAir_5Min_KMAnamoly
20.917284,2020-04-08 14:57:29,HouseAir_5Min_KMAnamoly
12.067482,2020-04-08 14:57:29,HouseAir_5Min_KMAnamoly
8.80954,2020-04-08 14:57:30,HouseAir_5Min_KMAnamoly
24.586306,2020-04-08 14:57:30,HouseAir_5Min_KMAnamoly
5.872273,2020-04-08 14:57:30,HouseAir_5Min_KMAnamoly
21.445152,2020-04-08 14:57:31,HouseAir_5Min_KMAnamoly
17.222164,2020-04-08 14:57:31,HouseAir_5Min_KMAnamoly
17.573093,2020-04-08 14:57:31,HouseAir_5Min_KMAnamoly
1.9574244,2020-04-08 14:57:31,HouseAir_5Min_KMAnamoly
20.593142,2020-04-08 14:57:32,HouseAir_5Min_KMAnamoly
17.461248,2020-04-08 14:57:32,HouseAir_5Min_KMAnamoly
19.990211,2020-04-08 14:57:33,HouseAir_5Min_KMAnamoly
80.90554,2020-04-08 14:57:44,HouseAir_5Min_KMAnamoly
92.3258,2020-04-08 14:57:47,HouseAir_5Min_KMAnamoly
49.365635,2020-04-08 14:58:17,HouseAir_5Min_KMAnamoly
18.636387,2020-04-08 14:58:17,HouseAir_5Min_KMAnamoly
20.813063,2020-04-08 14:58:17,HouseAir_5Min_KMAnamoly
25.590996,2020-04-08 14:58:17,HouseAir_5Min_KMAnamoly
19.884226,2020-04-08 14:58:20,HouseAir_5Min_KMAnamoly
14.683144,2020-04-08 14:58:20,HouseAir_5Min_KMAnamoly
23.784233,2020-04-08 14:58:21,HouseAir_5Min_KMAnamoly
23.746023,2020-04-08 14:58:23,HouseAir_5Min_KMAnamoly
16.93702,2020-04-08 14:58:23,HouseAir_5Min_KMAnamoly
17.362394,2020-04-08 14:58:24,HouseAir_5Min_KMAnamoly
17.361702,2020-04-08 14:58:30,HouseAir_5Min_KMAnamoly
14.51142,2020-04-08 14:58:31,HouseAir_5Min_KMAnamoly
19.036179,2020-04-08 14:58:31,HouseAir_5Min_KMAnamoly
14.123377,2020-04-08 14:58:32,HouseAir_5Min_KMAnamoly
9.120427,2020-04-08 14:58:33,HouseAir_5Min_KMAnamoly
24.670084,2020-04-08 14:58:33,HouseAir_5Min_KMAnamoly
23.668447,2020-04-08 14:58:34,HouseAir_5Min_KMAnamoly
19.813177,2020-04-08 14:58:35,HouseAir_5Min_KMAnamoly
15.621978,2020-04-08 14:58:35,HouseAir_5Min_KMAnamoly
7.9647636,2020-04-08 14:58:36,HouseAir_5Min_KMAnamoly
21.418083,2020-04-08 14:58:49,HouseAir_5Min_KMAnamoly
0,2020-04-08 14:57:07,HouseAir_5Min_KMAnamoly
0,2020-04-08 14:58:07,HouseAir_5Min_KMAnamoly
52.30304,2020-04-08 14:46:01,HouseAir_5Min_KMAnamoly
68.46398,2020-04-08 14:46:12,HouseAir_5Min_KMAnamoly
101.35322,2020-04-08 14:46:12,HouseAir_5Min_KMAnamoly
174.39291,2020-04-08 14:46:16,HouseAir_5Min_KMAnamoly
134.352,2020-04-08 14:46:17,HouseAir_5Min_KMAnamoly
60.313633,2020-04-08 14:46:17,HouseAir_5Min_KMAnamoly
31.634214,2020-04-08 14:46:17,HouseAir_5Min_KMAnamoly
37.330452,2020-04-08 14:46:18,HouseAir_5Min_KMAnamoly
32.43988,2020-04-08 14:46:18,HouseAir_5Min_KMAnamoly
11.000761,2020-04-08 14:46:18,HouseAir_5Min_KMAnamoly
30.18079,2020-04-08 14:46:18,HouseAir_5Min_KMAnamoly
16.663786,2020-04-08 14:46:19,HouseAir_5Min_KMAnamoly
18.705097,2020-04-08 14:46:19,HouseAir_5Min_KMAnamoly
20.656515,2020-04-08 14:46:19,HouseAir_5Min_KMAnamoly
25.489605,2020-04-08 14:46:19,HouseAir_5Min_KMAnamoly
29.789732,2020-04-08 14:46:20,HouseAir_5Min_KMAnamoly
22.198114,2020-04-08 14:46:20,HouseAir_5Min_KMAnamoly
21.929003,2020-04-08 14:46:20,HouseAir_5Min_KMAnamoly
13.620708,2020-04-08 14:46:20,HouseAir_5Min_KMAnamoly
19.884375,2020-04-08 14:46:21,HouseAir_5Min_KMAnamoly
22.318558,2020-04-08 14:46:22,HouseAir_5Min_KMAnamoly
43.223564,2020-04-08 14:46:22,HouseAir_5Min_KMAnamoly
37.985874,2020-04-08 14:46:22,HouseAir_5Min_KMAnamoly
26.148743,2020-04-08 14:46:27,HouseAir_5Min_KMAnamoly
32.981922,2020-04-08 14:46:27,HouseAir_5Min_KMAnamoly
39.45252,2020-04-08 14:46:31,HouseAir_5Min_KMAnamoly
31.383541,2020-04-08 14:46:31,HouseAir_5Min_KMAnamoly
58.06554,2020-04-08 14:46:42,HouseAir_5Min_KMAnamoly
51.010677,2020-04-08 14:46:43,HouseAir_5Min_KMAnamoly
32.969788,2020-04-08 14:46:43,HouseAir_5Min_KMAnamoly
42.533817,2020-04-08 14:46:43,HouseAir_5Min_KMAnamoly
58.063427,2020-04-08 14:46:43,HouseAir_5Min_KMAnamoly
60.54402,2020-04-08 14:46:43,HouseAir_5Min_KMAnamoly
64.71952,2020-04-08 14:46:44,HouseAir_5Min_KMAnamoly
45.70643,2020-04-08 14:46:44,HouseAir_5Min_KMAnamoly
29.016,2020-04-08 14:46:44,HouseAir_5Min_KMAnamoly
26.059896,2020-04-08 14:46:45,HouseAir_5Min_KMAnamoly
36.69561,2020-04-08 14:46:45,HouseAir_5Min_KMAnamoly
24.538036,2020-04-08 14:46:45,HouseAir_5Min_KMAnamoly
46.591434,2020-04-08 14:46:45,HouseAir_5Min_KMAnamoly
37.5242,2020-04-08 14:46:45,HouseAir_5Min_KMAnamoly
49.841343,2020-04-08 14:46:46,HouseAir_5Min_KMAnamoly
40.364697,2020-04-08 14:46:46,HouseAir_5Min_KMAnamoly
21.456347,2020-04-08 14:46:46,HouseAir_5Min_KMAnamoly
34.04373,2020-04-08 14:46:46,HouseAir_5Min_KMAnamoly
19.039005,2020-04-08 14:46:47,HouseAir_5Min_KMAnamoly
10.341345,2020-04-08 14:46:47,HouseAir_5Min_KMAnamoly
29.258398,2020-04-08 14:46:47,HouseAir_5Min_KMAnamoly
39.02093,2020-04-08 14:46:48,HouseAir_5Min_KMAnamoly
46.764263,2020-04-08 14:46:48,HouseAir_5Min_KMAnamoly
38.375324,2020-04-08 14:46:49,HouseAir_5Min_KMAnamoly
47.181103,2020-04-08 14:46:49,HouseAir_5Min_KMAnamoly
0,2020-04-08 14:46:05,HouseAir_5Min_KMAnamoly
519.195,2020-04-08 14:47:04,HouseAir_5Min_KMAnamoly
72.935684,2020-04-08 14:47:08,HouseAir_5Min_KMAnamoly
33.55227,2020-04-08 14:47:09,HouseAir_5Min_KMAnamoly
43.381733,2020-04-08 14:47:09,HouseAir_5Min_KMAnamoly
32.82053,2020-04-08 14:47:10,HouseAir_5Min_KMAnamoly
21.83717,2020-04-08 14:47:10,HouseAir_5Min_KMAnamoly
25.56214,2020-04-08 14:47:10,HouseAir_5Min_KMAnamoly
23.276102,2020-04-08 14:47:11,HouseAir_5Min_KMAnamoly
36.333984,2020-04-08 14:47:11,HouseAir_5Min_KMAnamoly
22.072655,2020-04-08 14:47:12,HouseAir_5Min_KMAnamoly
32.47336,2020-04-08 14:47:12,HouseAir_5Min_KMAnamoly
48.648273,2020-04-08 14:47:12,HouseAir_5Min_KMAnamoly
18.388557,2020-04-08 14:47:13,HouseAir_5Min_KMAnamoly
20.473839,2020-04-08 14:47:13,HouseAir_5Min_KMAnamoly
19.610603,2020-04-08 14:47:13,HouseAir_5Min_KMAnamoly
34.333206,2020-04-08 14:47:13,HouseAir_5Min_KMAnamoly
16.396208,2020-04-08 14:47:14,HouseAir_5Min_KMAnamoly
19.902182,2020-04-08 14:47:14,HouseAir_5Min_KMAnamoly
16.353172,2020-04-08 14:47:15,HouseAir_5Min_KMAnamoly
23.700489,2020-04-08 14:47:15,HouseAir_5Min_KMAnamoly
27.619787,2020-04-08 14:47:15,HouseAir_5Min_KMAnamoly
42.538513,2020-04-08 14:47:16,HouseAir_5Min_KMAnamoly
54.382317,2020-04-08 14:47:16,HouseAir_5Min_KMAnamoly
34.10798,2020-04-08 14:47:16,HouseAir_5Min_KMAnamoly
45.47041,2020-04-08 14:47:18,HouseAir_5Min_KMAnamoly
67.218346,2020-04-08 14:47:22,HouseAir_5Min_KMAnamoly
32.07465,2020-04-08 14:47:22,HouseAir_5Min_KMAnamoly
40.465275,2020-04-08 14:47:23,HouseAir_5Min_KMAnamoly
31.261951,2020-04-08 14:47:23,HouseAir_5Min_KMAnamoly
58.37287,2020-04-08 14:47:24,HouseAir_5Min_KMAnamoly
62.670948,2020-04-08 14:47:24,HouseAir_5Min_KMAnamoly
54.500412,2020-04-08 14:47:24,HouseAir_5Min_KMAnamoly
81.74388,2020-04-08 14:47:24,HouseAir_5Min_KMAnamoly
72.58979,2020-04-08 14:47:25,HouseAir_5Min_KMAnamoly
63.80858,2020-04-08 14:47:25,HouseAir_5Min_KMAnamoly
61.2426,2020-04-08 14:47:25,HouseAir_5Min_KMAnamoly
42.693954,2020-04-08 14:47:25,HouseAir_5Min_KMAnamoly
43.925465,2020-04-08 14:47:25,HouseAir_5Min_KMAnamoly
50.445564,2020-04-08 14:47:25,HouseAir_5Min_KMAnamoly
46.059834,2020-04-08 14:47:26,HouseAir_5Min_KMAnamoly
45.38084,2020-04-08 14:47:26,HouseAir_5Min_KMAnamoly
49.232304,2020-04-08 14:47:26,HouseAir_5Min_KMAnamoly
59.87726,2020-04-08 14:47:27,HouseAir_5Min_KMAnamoly
44.565224,2020-04-08 14:47:27,HouseAir_5Min_KMAnamoly
45.4152,2020-04-08 14:47:27,HouseAir_5Min_KMAnamoly
24.927452,2020-04-08 14:47:28,HouseAir_5Min_KMAnamoly
38.074196,2020-04-08 14:47:28,HouseAir_5Min_KMAnamoly
39.24922,2020-04-08 14:47:28,HouseAir_5Min_KMAnamoly
48.580544,2020-04-08 14:47:50,HouseAir_5Min_KMAnamoly
54.76879,2020-04-08 14:47:50,HouseAir_5Min_KMAnamoly
50.087204,2020-04-08 14:47:51,HouseAir_5Min_KMAnamoly
34.657646,2020-04-08 14:47:51,HouseAir_5Min_KMAnamoly
25.510502,2020-04-08 14:47:51,HouseAir_5Min_KMAnamoly
33.864544,2020-04-08 14:47:52,HouseAir_5Min_KMAnamoly
51.205555,2020-04-08 14:47:55,HouseAir_5Min_KMAnamoly
47.371117,2020-04-08 14:47:56,HouseAir_5Min_KMAnamoly
38.401943,2020-04-08 14:47:57,HouseAir_5Min_KMAnamoly
41.340694,2020-04-08 14:47:59,HouseAir_5Min_KMAnamoly
18.718096,2020-04-08 14:48:01,HouseAir_5Min_KMAnamoly
15.776114,2020-04-08 14:48:02,HouseAir_5Min_KMAnamoly
28.118773,2020-04-08 14:48:05,HouseAir_5Min_KMAnamoly
23.599525,2020-04-08 14:48:07,HouseAir_5Min_KMAnamoly
53.915955,2020-04-08 14:48:07,HouseAir_5Min_KMAnamoly
45.61191,2020-04-08 14:48:08,HouseAir_5Min_KMAnamoly
53.755573,2020-04-08 14:48:08,HouseAir_5Min_KMAnamoly
40.841,2020-04-08 14:48:10,HouseAir_5Min_KMAnamoly
18.89444,2020-04-08 14:48:11,HouseAir_5Min_KMAnamoly
43.401863,2020-04-08 14:48:11,HouseAir_5Min_KMAnamoly
101.134,2020-04-08 14:48:12,HouseAir_5Min_KMAnamoly
39.924965,2020-04-08 14:48:14,HouseAir_5Min_KMAnamoly
38.907143,2020-04-08 14:48:15,HouseAir_5Min_KMAnamoly
46.64194,2020-04-08 14:48:15,HouseAir_5Min_KMAnamoly
22.176264,2020-04-08 14:48:16,HouseAir_5Min_KMAnamoly
65.86621,2020-04-08 14:48:16,HouseAir_5Min_KMAnamoly
46.205017,2020-04-08 14:48:16,HouseAir_5Min_KMAnamoly
61.78621,2020-04-08 14:48:16,HouseAir_5Min_KMAnamoly
36.952,2020-04-08 14:48:17,HouseAir_5Min_KMAnamoly
47.339493,2020-04-08 14:48:17,HouseAir_5Min_KMAnamoly
41.549835,2020-04-08 14:48:17,HouseAir_5Min_KMAnamoly
128.37143,2020-04-08 14:48:18,HouseAir_5Min_KMAnamoly
107.92711,2020-04-08 14:48:18,HouseAir_5Min_KMAnamoly
72.380005,2020-04-08 14:48:19,HouseAir_5Min_KMAnamoly
39.894424,2020-04-08 14:48:19,HouseAir_5Min_KMAnamoly
31.15602,2020-04-08 14:48:19,HouseAir_5Min_KMAnamoly
35.07326,2020-04-08 14:48:20,HouseAir_5Min_KMAnamoly
31.882555,2020-04-08 14:48:20,HouseAir_5Min_KMAnamoly
34.824245,2020-04-08 14:48:20,HouseAir_5Min_KMAnamoly
